AND , websites/jokes.html
ARE , websites/small1.html
ARE , websites/jokes.html
ASKS , websites/jokes.html
BYTE , websites/jokes.html
BYTES , websites/jokes.html
HOW , websites/jokes.html
JUST , websites/small1.html
JUST , websites/jokes.html
THE , websites/jokes.html
THIS , websites/small1.html
THIS , websites/jokes.html
THOSE , websites/jokes.html
WHO , websites/jokes.html
WHY , websites/small1.html
WHY , websites/jokes.html
YOU , websites/small1.html
YOU , websites/jokes.html
